<?xml version="1.0" encoding="UTF-8" ?>
<!DOCTYPE configuration
        PUBLIC "-//mybatis.org//DTD Config 3.0//EN"
        "http://mybatis.org/dtd/mybatis-3-config.dtd">
<configuration>

    <properties resource="db.properties"></properties>


    <typeAliases>
        <package name="com.neuedu.entity"/>
    </typeAliases>
    <plugins>
        <!--com.github.pagehelper为PageHelper类所在包名 -->
        <plugin interceptor="com.github.pagehelper.PageHelper">
            <property name="dialect" value="mysql"/>

            <!--设置为true时，如果pageSize=0或者RowBounds.limit = 0就会查询出全部的结果-->
            <!--(相当于没有执行分页查询，但返回结果仍是page类型)-->
            <property name="pageSizeZero" value="true"/>
            <property name="reasonable" value="true"/>
        </plugin>
    </plugins>

    <environments default="development">
        <environment id="development">
            <transactionManager type="JDBC"/>
            <dataSource type="POOLED">
                <property name="driver" value="${driver}"/>
                <property name="url" value="${url}"/>
                <property name="username" value="${username}"/>
                <property name="password" value="${password}"/>
            </dataSource>
        </environment>
    </environments>
    <mappers>
        <package name="com.neuedu.dao"/>
    </mappers>
</configuration>