<?xml version="1.0" encoding="UTF-8" ?>
<!DOCTYPE mapper
        PUBLIC "-//mybatis.org//DTD Mapper 3.0//EN"
        "http://mybatis.org/dtd/mybatis-3-mapper.dtd">
<mapper namespace="com.neuedu.dao.SubDao">
    <insert id="addOneSubject" parameterType="subject">
        INSERT INTO test_subject (url,company,companyAddress,type,jobName,userId,level,upload_date,update_date,status )
        VALUES ( #{url},#{company},#{companyAddress},#{type},#{jobName},#{userId},#{level},NOW(),NOW(),0)
    </insert>
     
    <select id="querySubJectByStatusAndUserId" parameterType="user" resultType="subject">
        SELECT * FROM  test_subject WHERE status = 1
        OR userId = #{id}
        ORDER BY upload_date DESC

    </select>
    <select id="querySubById" parameterType="int" resultType="subject">
        SELECT url,company,companyAddress,type,jobName,userId,level
        FROM test_subject
        WHERE id = #{value}

    </select>

    <update id="updateSubjectById" parameterType="subject">
        UPDATE test_subject
        SET url = #{url},
            company = #{company},
            companyAddress = #{companyAddress},
            type = #{type},
            jobName = #{jobName},
            level = #{level},
            update_date = now(),
            status = 0
        WHERE id = #{id}
    </update>
</mapper>